"","participant","score_1.participants","score_1.item","score_1","score_2.participants","score_2.item","score_2","replication"
"1",1,1,1,1628.333333,1,1,1628.333333,1
"2",1,1,2,65,1,2,65,1
"2.1",1,1,2,65,1,2,65,1
"4",1,1,4,-313.3333333,1,3,1318.333333,1
"5",1,1,5,1216.666667,1,3,1318.333333,1
"6",1,1,6,790,1,5,1216.666667,1
"8",1,1,8,1838.333333,1,7,1458.333333,1
"9",1,1,9,885,1,7,1458.333333,1
"9.1",1,1,9,885,1,8,1838.333333,1
"9.2",1,1,9,885,1,9,885,1
"10",1,1,10,-135,1,9,885,1
"11",1,1,11,-1370,1,9,885,1
"11.1",1,1,11,-1370,1,10,-135,1
"12",1,1,12,280,1,10,-135,1
"14",1,1,14,-1830,1,10,-135,1
"14.1",1,1,14,-1830,1,11,-1370,1
"17",1,1,17,45,1,11,-1370,1
"18",1,1,18,-1071.666667,1,14,-1830,1
"18.1",1,1,18,-1071.666667,1,14,-1830,1
"19",1,1,19,-303.3333333,1,15,978.3333333,1
"21",2,2,1,-423.3333333,2,1,-423.3333333,1
"21.1",2,2,1,-423.3333333,2,2,-256.6666667,1
"24",2,2,4,-881.6666667,2,4,-881.6666667,1
"25",2,2,5,-913.3333333,2,5,-913.3333333,1
"26",2,2,6,450,2,6,450,1
"27",2,2,7,-408.3333333,2,9,-226.6666667,1
"28",2,2,8,5,2,9,-226.6666667,1
"28.1",2,2,8,5,2,10,950,1
"29",2,2,9,-226.6666667,2,11,245,1
"30",2,2,10,950,2,11,245,1
"30.1",2,2,10,950,2,12,731.6666667,1
"33",2,2,13,263.3333333,2,13,263.3333333,1
"35",2,2,15,-250,2,14,-236.6666667,1
"35.1",2,2,15,-250,2,15,-250,1
"36",2,2,16,405,2,17,-658.3333333,1
"36.1",2,2,16,405,2,17,-658.3333333,1
"38",2,2,18,-66.66666667,2,17,-658.3333333,1
"38.1",2,2,18,-66.66666667,2,18,-66.66666667,1
"38.2",2,2,18,-66.66666667,2,19,253.3333333,1
"40",2,2,20,-696.6666667,2,20,-696.6666667,1
"41",3,3,1,0,3,1,0,1
"41.1",3,3,1,0,3,2,118.2867172,1
"41.2",3,3,1,0,3,2,118.2867172,1
"41.3",3,3,1,0,3,3,0,1
"41.4",3,3,1,0,3,5,0,1
"42",3,3,2,118.2867172,3,8,239.9054545,1
"42.1",3,3,2,118.2867172,3,9,261.5635859,1
"42.2",3,3,2,118.2867172,3,10,0,1
"45",3,3,5,0,3,12,0,1
"49",3,3,9,261.5635859,3,12,0,1
"50",3,3,10,0,3,13,0,1
"50.1",3,3,10,0,3,14,0,1
"51",3,3,11,0,3,14,0,1
"51.1",3,3,11,0,3,16,0,1
"52",3,3,12,0,3,16,0,1
"53",3,3,13,0,3,17,-373.1862626,1
"54",3,3,14,0,3,18,0,1
"55",3,3,15,0,3,18,0,1
"56",3,3,16,0,3,19,0,1
"60",3,3,20,226.5773737,3,20,226.5773737,1
"62",4,4,2,611.6555455,4,1,401.6593636,1
"62.1",4,4,2,611.6555455,4,1,401.6593636,1
"64",4,4,4,-256.662,4,2,611.6555455,1
"64.1",4,4,4,-256.662,4,3,296.6612727,1
"66",4,4,6,784.9857273,4,3,296.6612727,1
"70",4,4,10,609.9889091,4,4,-256.662,1
"70.1",4,4,10,609.9889091,4,6,784.9857273,1
"71",4,4,11,-209.9961818,4,7,566.6563636,1
"72",4,4,12,359.9934545,4,7,566.6563636,1
"72.1",4,4,12,359.9934545,4,9,943.3161818,1
"73",4,4,13,474.9913636,4,10,609.9889091,1
"75",4,4,15,979.9821818,4,10,609.9889091,1
"75.1",4,4,15,979.9821818,4,10,609.9889091,1
"75.2",4,4,15,979.9821818,4,10,609.9889091,1
"76",4,4,16,-218.3293636,4,11,-209.9961818,1
"77",4,4,17,359.9934545,4,13,474.9913636,1
"77.1",4,4,17,359.9934545,4,16,-218.3293636,1
"78",4,4,18,-424.9922727,4,17,359.9934545,1
"80",4,4,20,919.9832727,4,17,359.9934545,1
"80.1",4,4,20,919.9832727,4,20,919.9832727,1
"81",5,5,1,-565.0034242,5,2,-1788.344172,1
"81.1",5,5,1,-565.0034242,5,3,190.0011515,1
"81.2",5,5,1,-565.0034242,5,5,-1250.007576,1
"83",5,5,3,190.0011515,5,5,-1250.007576,1
"83.1",5,5,3,190.0011515,5,5,-1250.007576,1
"84",5,5,4,886.6720404,5,6,91.66722222,1
"84.1",5,5,4,886.6720404,5,8,-113.3340202,1
"85",5,5,5,-1250.007576,5,8,-113.3340202,1
"85.1",5,5,5,-1250.007576,5,9,1226.674101,1
"85.2",5,5,5,-1250.007576,5,9,1226.674101,1
"87",5,5,7,316.6685859,5,9,1226.674101,1
"89",5,5,9,1226.674101,5,10,-1838.344475,1
"90",5,5,10,-1838.344475,5,11,-893.3387475,1
"90.1",5,5,10,-1838.344475,5,13,468.3361717,1
"91",5,5,11,-893.3387475,5,14,-893.3387475,1
"92",5,5,12,2266.680404,5,16,-1388.341747,1
"92.1",5,5,12,2266.680404,5,16,-1388.341747,1
"92.2",5,5,12,2266.680404,5,18,1981.678677,1
"97",5,5,17,1276.674404,5,20,-88.33386869,1
"100",5,5,20,-88.33386869,5,20,-88.33386869,1
"101",6,6,1,1481.666667,6,2,-306.6666667,1
"102",6,6,2,-306.6666667,6,4,-690,1
"104",6,6,4,-690,6,4,-690,1
"104.1",6,6,4,-690,6,5,230,1
"104.2",6,6,4,-690,6,7,140,1
"104.3",6,6,4,-690,6,8,-701.6666667,1
"107",6,6,7,140,6,8,-701.6666667,1
"107.1",6,6,7,140,6,11,1680,1
"108",6,6,8,-701.6666667,6,11,1680,1
"109",6,6,9,-1360,6,13,78.33333333,1
"111",6,6,11,1680,6,13,78.33333333,1
"112",6,6,12,-1625,6,14,-151.6666667,1
"112.1",6,6,12,-1625,6,14,-151.6666667,1
"112.2",6,6,12,-1625,6,15,-570,1
"113",6,6,13,78.33333333,6,15,-570,1
"116",6,6,16,711.6666667,6,15,-570,1
"116.1",6,6,16,711.6666667,6,17,-1435,1
"117",6,6,17,-1435,6,19,905,1
"119",6,6,19,905,6,19,905,1
"119.1",6,6,19,905,6,20,-556.6666667,1
"122",7,7,2,275.0016667,7,1,-128.3341111,1
"122.1",7,7,2,275.0016667,7,4,975.0059091,1
"124",7,7,4,975.0059091,7,7,623.3371111,1
"124.1",7,7,4,975.0059091,7,8,-90.00054545,1
"125",7,7,5,-65.00039394,7,8,-90.00054545,1
"126",7,7,6,-343.3354141,7,8,-90.00054545,1
"127",7,7,7,623.3371111,7,8,-90.00054545,1
"127.1",7,7,7,623.3371111,7,9,895.0054242,1
"130",7,7,10,1020.006182,7,11,161.6676465,1
"130.1",7,7,10,1020.006182,7,12,965.0058485,1
"130.2",7,7,10,1020.006182,7,14,395.0023939,1
"131",7,7,11,161.6676465,7,14,395.0023939,1
"132",7,7,12,965.0058485,7,15,1355.008212,1
"132.1",7,7,12,965.0058485,7,16,255.0015455,1
"134",7,7,14,395.0023939,7,16,255.0015455,1
"134.1",7,7,14,395.0023939,7,17,78.33380808,1
"135",7,7,15,1355.008212,7,17,78.33380808,1
"137",7,7,17,78.33380808,7,18,713.3376566,1
"138",7,7,18,713.3376566,7,19,110.0006667,1
"139",7,7,19,110.0006667,7,20,-21.66679798,1
"141",8,8,1,541.6732323,8,1,541.6732323,1
"143",8,8,3,1105.013394,8,1,541.6732323,1
"143.1",8,8,3,1105.013394,8,2,138.3350101,1
"145",8,8,5,-191.6689899,8,2,138.3350101,1
"146",8,8,6,206.6691717,8,3,1105.013394,1
"146.1",8,8,6,206.6691717,8,4,665.0080606,1
"147",8,8,7,993.3453737,8,6,206.6691717,1
"148",8,8,8,121.6681414,8,8,121.6681414,1
"151",8,8,11,-410.0049697,8,8,121.6681414,1
"151.1",8,8,11,-410.0049697,8,9,473.3390707,1
"153",8,8,13,-45.00054545,8,11,-410.0049697,1
"153.1",8,8,13,-45.00054545,8,13,-45.00054545,1
"153.2",8,8,13,-45.00054545,8,13,-45.00054545,1
"154",8,8,14,106.6679596,8,14,106.6679596,1
"155",8,8,15,-978.3451919,8,15,-978.3451919,1
"155.1",8,8,15,-978.3451919,8,18,-945.0114545,1
"155.2",8,8,15,-978.3451919,8,18,-945.0114545,1
"156",8,8,16,385.0046667,8,18,-945.0114545,1
"157",8,8,17,-320.0038788,8,18,-945.0114545,1
"160",8,8,20,748.342404,8,19,146.6684444,1
"161",9,9,1,-876.6719798,9,1,-876.6719798,1
"162",9,9,2,485.0029394,9,1,-876.6719798,1
"165",9,9,5,-1290.007818,9,1,-876.6719798,1
"165.1",9,9,5,-1290.007818,9,2,485.0029394,1
"167",9,9,7,-170.0010303,9,2,485.0029394,1
"167.1",9,9,7,-170.0010303,9,3,1555.009424,1
"167.2",9,9,7,-170.0010303,9,3,1555.009424,1
"168",9,9,8,71.66710101,9,6,63.33371717,1
"170",9,9,10,1811.677646,9,6,63.33371717,1
"172",9,9,12,1495.009061,9,9,-460.0027879,1
"172.1",9,9,12,1495.009061,9,10,1811.677646,1
"173",9,9,13,108.3339899,9,11,2696.68301,1
"174",9,9,14,333.3353535,9,11,2696.68301,1
"174.1",9,9,14,333.3353535,9,12,1495.009061,1
"174.2",9,9,14,333.3353535,9,13,108.3339899,1
"174.3",9,9,14,333.3353535,9,14,333.3353535,1
"175",9,9,15,-65.00039394,9,15,-65.00039394,1
"177",9,9,17,-1675.010152,9,16,-1375.008333,1
"178",9,9,18,835.0050606,9,18,835.0050606,1
"178.1",9,9,18,835.0050606,9,19,-805.0048788,1
"181",10,10,1,116.6673737,10,2,1196.673919,1
"182",10,10,2,1196.673919,10,2,1196.673919,1
"184",10,10,4,503.3363838,10,2,1196.673919,1
"186",10,10,6,498.3363535,10,3,51.6669798,1
"187",10,10,7,-566.670101,10,4,503.3363838,1
"187.1",10,10,7,-566.670101,10,4,503.3363838,1
"187.2",10,10,7,-566.670101,10,4,503.3363838,1
"189",10,10,9,301.6684949,10,6,498.3363535,1
"190",10,10,10,498.3363535,10,7,-566.670101,1
"190.1",10,10,10,498.3363535,10,10,498.3363535,1
"191",10,10,11,36.66688889,10,10,498.3363535,1
"191.1",10,10,11,36.66688889,10,10,498.3363535,1
"193",10,10,13,490.0029697,10,11,36.66688889,1
"193.1",10,10,13,490.0029697,10,11,36.66688889,1
"194",10,10,14,-113.3340202,10,13,490.0029697,1
"195",10,10,15,-185.0011212,10,15,-185.0011212,1
"196",10,10,16,1030.006242,10,16,1030.006242,1
"196.1",10,10,16,1030.006242,10,17,11.66673737,1
"199",10,10,19,1240.007515,10,17,11.66673737,1
"199.1",10,10,19,1240.007515,10,20,-570.0034545,1
"203",11,11,3,-241.6666667,11,1,126.6666667,1
"203.1",11,11,3,-241.6666667,11,1,126.6666667,1
"204",11,11,4,276.6666667,11,2,731.6666667,1
"204.1",11,11,4,276.6666667,11,2,731.6666667,1
"205",11,11,5,1220,11,4,276.6666667,1
"205.1",11,11,5,1220,11,4,276.6666667,1
"205.2",11,11,5,1220,11,6,115,1
"206",11,11,6,115,11,6,115,1
"206.1",11,11,6,115,11,7,1096.666667,1
"207",11,11,7,1096.666667,11,9,1561.666667,1
"208",11,11,8,956.6666667,11,13,-201.6666667,1
"208.1",11,11,8,956.6666667,11,13,-201.6666667,1
"209",11,11,9,1561.666667,11,14,395,1
"210",11,11,10,563.3333333,11,15,718.3333333,1
"212",11,11,12,1455,11,16,406.6666667,1
"212.1",11,11,12,1455,11,17,206.6666667,1
"212.2",11,11,12,1455,11,18,1261.666667,1
"215",11,11,15,718.3333333,11,20,1125,1
"217",11,11,17,206.6666667,11,20,1125,1
"220",11,11,20,1125,11,20,1125,1
"221",12,12,1,-686.6708283,12,1,-686.6708283,1
"221.1",12,12,1,-686.6708283,12,2,-205.0012424,1
"221.2",12,12,1,-686.6708283,12,3,-131.6674646,1
"222",12,12,2,-205.0012424,12,3,-131.6674646,1
"223",12,12,3,-131.6674646,12,4,-265.0016061,1
"226",12,12,6,750.0045455,12,4,-265.0016061,1
"227",12,12,7,263.3349293,12,7,263.3349293,1
"228",12,12,8,2130.012909,12,8,2130.012909,1
"229",12,12,9,-225.0013636,12,8,2130.012909,1
"230",12,12,10,211.6679495,12,9,-225.0013636,1
"233",12,12,13,538.336596,12,9,-225.0013636,1
"234",12,12,14,-648.3372626,12,10,211.6679495,1
"234.1",12,12,14,-648.3372626,12,12,2321.680737,1
"235",12,12,15,0,12,14,-648.3372626,1
"236",12,12,16,-100.0006061,12,15,0,1
"237",12,12,17,638.337202,12,16,-100.0006061,1
"237.1",12,12,17,638.337202,12,17,638.337202,1
"239",12,12,19,55.00033333,12,17,638.337202,1
"239.1",12,12,19,55.00033333,12,18,-63.33371717,1
"240",12,12,20,-1126.673495,12,20,-1126.673495,1
"241",13,13,1,1086.225414,13,1,1086.225414,1
"241.1",13,13,1,1086.225414,13,1,1086.225414,1
"242",13,13,2,588.0944343,13,1,1086.225414,1
"243",13,13,3,1975.86402,13,2,588.0944343,1
"244",13,13,4,-1074.563485,13,5,2360.707687,1
"245",13,13,5,2360.707687,13,6,2420.683323,1
"246",13,13,6,2420.683323,13,8,991.2639899,1
"248",13,13,8,991.2639899,13,8,991.2639899,1
"249",13,13,9,1067.899525,13,8,991.2639899,1
"249.1",13,13,9,1067.899525,13,9,1067.899525,1
"250",13,13,10,1302.804101,13,9,1067.899525,1
"250.1",13,13,10,1302.804101,13,9,1067.899525,1
"255",13,13,15,388.1756465,13,10,1302.804101,1
"256",13,13,16,101.6253838,13,11,366.5177778,1
"257",13,13,17,1506.054869,13,11,366.5177778,1
"258",13,13,18,169.9309697,13,11,366.5177778,1
"259",13,13,19,1604.348273,13,13,916.2944444,1
"259.1",13,13,19,1604.348273,13,14,1567.696495,1
"260",13,13,20,-483.1370707,13,16,101.6253838,1
"260.1",13,13,20,-483.1370707,13,20,-483.1370707,1
"262",14,14,2,785,14,2,785,1
"263",14,14,3,1253.333333,14,2,785,1
"263.1",14,14,3,1253.333333,14,3,1253.333333,1
"265",14,14,5,1526.666667,14,5,1526.666667,1
"266",14,14,6,1246.666667,14,7,261.6666667,1
"267",14,14,7,261.6666667,14,8,760,1
"268",14,14,8,760,14,8,760,1
"268.1",14,14,8,760,14,10,-118.3333333,1
"268.2",14,14,8,760,14,11,835,1
"269",14,14,9,780,14,11,835,1
"270",14,14,10,-118.3333333,14,11,835,1
"271",14,14,11,835,14,11,835,1
"272",14,14,12,1260,14,13,106.6666667,1
"273",14,14,13,106.6666667,14,14,1455,1
"273.1",14,14,13,106.6666667,14,15,1785,1
"274",14,14,14,1455,14,16,1773.333333,1
"274.1",14,14,14,1455,14,18,1123.333333,1
"275",14,14,15,1785,14,18,1123.333333,1
"276",14,14,16,1773.333333,14,18,1123.333333,1
"279",14,14,19,730,14,19,730,1
"281",15,15,1,344.9937273,15,2,401.6593636,1
"281.1",15,15,1,344.9937273,15,4,1139.979273,1
"282",15,15,2,401.6593636,15,5,713.3203636,1
"284",15,15,4,1139.979273,15,6,591.6559091,1
"284.1",15,15,4,1139.979273,15,7,226.6625455,1
"285",15,15,5,713.3203636,15,7,226.6625455,1
"286",15,15,6,591.6559091,15,7,226.6625455,1
"287",15,15,7,226.6625455,15,8,199.9963636,1
"288",15,15,8,199.9963636,15,9,-53.33236364,1
"289",15,15,9,-53.33236364,15,12,-1223.311091,1
"292",15,15,12,-1223.311091,15,14,2374.956818,1
"295",15,15,15,1089.980182,15,15,1089.980182,1
"295.1",15,15,15,1089.980182,15,16,-14.99972727,1
"295.2",15,15,15,1089.980182,15,16,-14.99972727,1
"297",15,15,17,2164.960636,15,18,521.6571818,1
"298",15,15,18,521.6571818,15,18,521.6571818,1
"299",15,15,19,-123.3310909,15,18,521.6571818,1
"299.1",15,15,19,-123.3310909,15,19,-123.3310909,1
"299.2",15,15,19,-123.3310909,15,19,-123.3310909,1
"300",15,15,20,1211.644636,15,19,-123.3310909,1
"303",16,16,3,-158.3362121,16,1,-885.0160909,1
"304",16,16,4,256.6713333,16,2,616.6778788,1
"306",16,16,6,466.6751515,16,2,616.6778788,1
"309",16,16,9,365.0066364,16,2,616.6778788,1
"309.1",16,16,9,365.0066364,16,4,256.6713333,1
"310",16,16,10,860.0156364,16,5,1755.031909,1
"310.1",16,16,10,860.0156364,16,5,1755.031909,1
"310.2",16,16,10,860.0156364,16,6,466.6751515,1
"311",16,16,11,668.3454848,16,6,466.6751515,1
"312",16,16,12,-98.33512121,16,7,926.6835152,1
"312.1",16,16,12,-98.33512121,16,8,33.33393939,1
"314",16,16,14,55.001,16,9,365.0066364,1
"315",16,16,15,-155.0028182,16,11,668.3454848,1
"316",16,16,16,853.3488485,16,15,-155.0028182,1
"318",16,16,18,2435.044273,16,15,-155.0028182,1
"319",16,16,19,1830.033273,16,16,853.3488485,1
"320",16,16,20,443.3413939,16,17,1795.032636,1
"320.1",16,16,20,443.3413939,16,18,2435.044273,1
"320.2",16,16,20,443.3413939,16,20,443.3413939,1
"320.3",16,16,20,443.3413939,16,20,443.3413939,1
"322",17,17,2,808.3137374,17,2,808.3137374,1
"323",17,17,3,-1384.966424,17,2,808.3137374,1
"325",17,17,5,0,17,4,0,1
"325.1",17,17,5,0,17,6,-1301.635111,1
"325.2",17,17,5,0,17,6,-1301.635111,1
"326",17,17,6,-1301.635111,17,7,438.3227071,1
"326.1",17,17,6,-1301.635111,17,9,373.3242828,1
"327",17,17,7,438.3227071,17,10,-388.3239192,1
"328",17,17,8,404.9901818,17,10,-388.3239192,1
"329",17,17,9,373.3242828,17,11,0,1
"330",17,17,10,-388.3239192,17,13,404.9901818,1
"331",17,17,11,0,17,13,404.9901818,1
"334",17,17,14,0,17,15,194.9952727,1
"334.1",17,17,14,0,17,16,0,1
"335",17,17,15,194.9952727,17,16,0,1
"336",17,17,16,0,17,16,0,1
"337",17,17,17,-788.3142222,17,17,-788.3142222,1
"339",17,17,19,0,17,18,-381.6574141,1
"339.1",17,17,19,0,17,18,-381.6574141,1
"340",17,17,20,248.3273131,17,20,248.3273131,1
"341",18,18,1,436.6666667,18,1,436.6666667,1
"342",18,18,2,-723.3333333,18,1,436.6666667,1
"343",18,18,3,123.3333333,18,1,436.6666667,1
"345",18,18,5,-600,18,1,436.6666667,1
"346",18,18,6,0,18,4,61.66666667,1
"347",18,18,7,-195,18,6,0,1
"349",18,18,9,631.6666667,18,7,-195,1
"349.1",18,18,9,631.6666667,18,7,-195,1
"351",18,18,11,28.33333333,18,7,-195,1
"351.1",18,18,11,28.33333333,18,9,631.6666667,1
"352",18,18,12,640,18,10,0,1
"353",18,18,13,1201.666667,18,16,388.3333333,1
"355",18,18,15,0,18,16,388.3333333,1
"355.1",18,18,15,0,18,16,388.3333333,1
"356",18,18,16,388.3333333,18,16,388.3333333,1
"357",18,18,17,-710,18,18,710,1
"358",18,18,18,710,18,18,710,1
"359",18,18,19,1203.333333,18,19,1203.333333,1
"360",18,18,20,-391.6666667,18,19,1203.333333,1
"360.1",18,18,20,-391.6666667,18,19,1203.333333,1
"361",19,19,1,0,19,1,0,1
"361.1",19,19,1,0,19,2,433.3359596,1
"365",19,19,5,0,19,4,0,1
"366",19,19,6,0,19,5,0,1
"366.1",19,19,6,0,19,8,0,1
"366.2",19,19,6,0,19,8,0,1
"366.3",19,19,6,0,19,10,0,1
"367",19,19,7,0,19,10,0,1
"367.1",19,19,7,0,19,12,0,1
"367.2",19,19,7,0,19,12,0,1
"367.3",19,19,7,0,19,13,0,1
"369",19,19,9,0,19,13,0,1
"370",19,19,10,0,19,14,0,1
"370.1",19,19,10,0,19,14,0,1
"371",19,19,11,0,19,15,0,1
"373",19,19,13,0,19,15,0,1
"373.1",19,19,13,0,19,18,0,1
"376",19,19,16,0,19,19,0,1
"380",19,19,20,0,19,19,0,1
"380.1",19,19,20,0,19,20,0,1
"381",20,20,1,1083.346465,20,1,1083.346465,1
"381.1",20,20,1,1083.346465,20,1,1083.346465,1
"382",20,20,2,-3.333373737,20,3,-896.6775354,1
"382.1",20,20,2,-3.333373737,20,4,-306.6703838,1
"384",20,20,4,-306.6703838,20,4,-306.6703838,1
"386",20,20,6,75.00090909,20,6,75.00090909,1
"388",20,20,8,-150.0018182,20,6,75.00090909,1
"388.1",20,20,8,-150.0018182,20,7,-306.6703838,1
"389",20,20,9,511.6728687,20,8,-150.0018182,1
"389.1",20,20,9,511.6728687,20,8,-150.0018182,1
"390",20,20,10,-401.6715354,20,9,511.6728687,1
"392",20,20,12,-468.3390101,20,10,-401.6715354,1
"393",20,20,13,751.6757778,20,13,751.6757778,1
"393.1",20,20,13,751.6757778,20,14,-126.668202,1
"393.2",20,20,13,751.6757778,20,14,-126.668202,1
"394",20,20,14,-126.668202,20,16,228.336101,1
"394.1",20,20,14,-126.668202,20,16,228.336101,1
"395",20,20,15,453.3388283,20,18,270.0032727,1
"396",20,20,16,228.336101,20,19,-741.6756566,1
"398",20,20,18,270.0032727,20,20,833.3434343,1
"401",21,21,1,1258.325707,21,3,-166.6656566,1
"401.1",21,21,1,1258.325707,21,3,-166.6656566,1
"402",21,21,2,-224.9986364,21,3,-166.6656566,1
"403",21,21,3,-166.6656566,21,4,259.9984242,1
"404",21,21,4,259.9984242,21,4,259.9984242,1
"405",21,21,5,-186.6655354,21,5,-186.6655354,1
"405.1",21,21,5,-186.6655354,21,6,378.3310404,1
"405.2",21,21,5,-186.6655354,21,6,378.3310404,1
"407",21,21,7,608.3296465,21,7,608.3296465,1
"408",21,21,8,93.33276768,21,7,608.3296465,1
"412",21,21,12,1891.655202,21,9,361.6644747,1
"412.1",21,21,12,1891.655202,21,12,1891.655202,1
"412.2",21,21,12,1891.655202,21,13,-28.33316162,1
"412.3",21,21,12,1891.655202,21,14,728.3289192,1
"416",21,21,16,308.3314646,21,14,728.3289192,1
"417",21,21,17,2089.987333,21,15,-1536.657354,1
"417.1",21,21,17,2089.987333,21,16,308.3314646,1
"418",21,21,18,434.9973636,21,18,434.9973636,1
"419",21,21,19,1404.991485,21,18,434.9973636,1
"420",21,21,20,-273.3316768,21,20,-273.3316768,1
"421",22,22,1,656.6746263,22,1,656.6746263,1
"421.1",22,22,1,656.6746263,22,2,-1276.682141,1
"421.2",22,22,1,656.6746263,22,2,-1276.682141,1
"423",22,22,3,936.6780202,22,4,-506.6728081,1
"424",22,22,4,-506.6728081,22,4,-506.6728081,1
"426",22,22,6,-1248.348465,22,5,850.010303,1
"426.1",22,22,6,-1248.348465,22,6,-1248.348465,1
"427",22,22,7,-956.6782626,22,7,-956.6782626,1
"427.1",22,22,7,-956.6782626,22,7,-956.6782626,1
"429",22,22,9,-1030.012485,22,8,-301.6703232,1
"429.1",22,22,9,-1030.012485,22,8,-301.6703232,1
"430",22,22,10,-193.3356768,22,10,-193.3356768,1
"430.1",22,22,10,-193.3356768,22,11,-295.0035758,1
"430.2",22,22,10,-193.3356768,22,11,-295.0035758,1
"431",22,22,11,-295.0035758,22,12,-15.00018182,1
"432",22,22,12,-15.00018182,22,14,-218.3359798,1
"433",22,22,13,-293.3368889,22,17,653.3412525,1
"437",22,22,17,653.3412525,22,18,-993.3453737,1
"438",22,22,18,-993.3453737,22,20,455.0055152,1
"440",22,22,20,455.0055152,22,20,455.0055152,1
"441",23,23,1,-454.9972424,23,2,-568.3298889,1
"443",23,23,3,-456.663899,23,3,-456.663899,1
"446",23,23,6,-151.6657475,23,4,349.9978788,1
"447",23,23,7,264.9983939,23,4,349.9978788,1
"450",23,23,10,349.9978788,23,5,-119.9992727,1
"450.1",23,23,10,349.9978788,23,7,264.9983939,1
"451",23,23,11,329.998,23,8,-331.6646566,1
"451.1",23,23,11,329.998,23,12,854.9948182,1
"452",23,23,12,854.9948182,23,13,-96.66608081,1
"452.1",23,23,12,854.9948182,23,14,599.9963636,1
"452.2",23,23,12,854.9948182,23,16,548.3300101,1
"454",23,23,14,599.9963636,23,17,-109.9993333,1
"454.1",23,23,14,599.9963636,23,17,-109.9993333,1
"456",23,23,16,548.3300101,23,17,-109.9993333,1
"456.1",23,23,16,548.3300101,23,17,-109.9993333,1
"457",23,23,17,-109.9993333,23,18,-128.3325556,1
"458",23,23,18,-128.3325556,23,18,-128.3325556,1
"459",23,23,19,438.3306768,23,18,-128.3325556,1
"460",23,23,20,463.3305253,23,19,438.3306768,1
"460.1",23,23,20,463.3305253,23,20,463.3305253,1
"461",24,24,1,665,24,1,665,1
"462",24,24,2,456.6666667,24,2,456.6666667,1
"462.1",24,24,2,456.6666667,24,3,786.6666667,1
"462.2",24,24,2,456.6666667,24,4,930,1
"463",24,24,3,786.6666667,24,6,1086.666667,1
"464",24,24,4,930,24,6,1086.666667,1
"468",24,24,8,-81.66666667,24,8,-81.66666667,1
"469",24,24,9,525,24,11,795,1
"469.1",24,24,9,525,24,14,1025,1
"470",24,24,10,1253.333333,24,14,1025,1
"470.1",24,24,10,1253.333333,24,14,1025,1
"472",24,24,12,341.6666667,24,14,1025,1
"472.1",24,24,12,341.6666667,24,16,-1368.333333,1
"472.2",24,24,12,341.6666667,24,16,-1368.333333,1
"473",24,24,13,-456.6666667,24,17,123.3333333,1
"473.1",24,24,13,-456.6666667,24,19,-188.3333333,1
"476",24,24,16,-1368.333333,24,19,-188.3333333,1
"476.1",24,24,16,-1368.333333,24,19,-188.3333333,1
"478",24,24,18,160,24,20,-476.6666667,1
"478.1",24,24,18,160,24,20,-476.6666667,1
"482",25,25,2,1313.333333,25,1,831.6666667,1
"483",25,25,3,-326.6666667,25,2,1313.333333,1
"485",25,25,5,848.3333333,25,3,-326.6666667,1
"485.1",25,25,5,848.3333333,25,4,-941.6666667,1
"487",25,25,7,221.6666667,25,5,848.3333333,1
"488",25,25,8,905,25,6,1805,1
"488.1",25,25,8,905,25,7,221.6666667,1
"488.2",25,25,8,905,25,7,221.6666667,1
"489",25,25,9,1011.666667,25,8,905,1
"490",25,25,10,405,25,8,905,1
"493",25,25,13,443.3333333,25,9,1011.666667,1
"493.1",25,25,13,443.3333333,25,12,256.6666667,1
"494",25,25,14,-630,25,13,443.3333333,1
"495",25,25,15,-1040,25,13,443.3333333,1
"495.1",25,25,15,-1040,25,13,443.3333333,1
"497",25,25,17,-616.6666667,25,16,183.3333333,1
"498",25,25,18,261.6666667,25,18,261.6666667,1
"500",25,25,20,-1783.333333,25,19,878.3333333,1
"500.1",25,25,20,-1783.333333,25,19,878.3333333,1
"500.2",25,25,20,-1783.333333,25,20,-1783.333333,1
"502",26,26,2,1281.666667,26,2,1281.666667,1
"503",26,26,3,-136.6666667,26,5,-1743.333333,1
"503.1",26,26,3,-136.6666667,26,6,-798.3333333,1
"503.2",26,26,3,-136.6666667,26,7,908.3333333,1
"504",26,26,4,810,26,8,-101.6666667,1
"505",26,26,5,-1743.333333,26,9,1395,1
"505.1",26,26,5,-1743.333333,26,9,1395,1
"506",26,26,6,-798.3333333,26,9,1395,1
"508",26,26,8,-101.6666667,26,9,1395,1
"510",26,26,10,-690,26,10,-690,1
"513",26,26,13,805,26,10,-690,1
"513.1",26,26,13,805,26,11,-1461.666667,1
"514",26,26,14,-743.3333333,26,11,-1461.666667,1
"515",26,26,15,1735,26,11,-1461.666667,1
"517",26,26,17,105,26,12,15,1
"519",26,26,19,933.3333333,26,13,805,1
"519.1",26,26,19,933.3333333,26,13,805,1
"519.2",26,26,19,933.3333333,26,14,-743.3333333,1
"520",26,26,20,920,26,17,105,1
"520.1",26,26,20,920,26,19,933.3333333,1
"521",27,27,1,-576.6561818,27,1,-576.6561818,1
"521.1",27,27,1,-576.6561818,27,2,486.6578182,1
"522",27,27,2,486.6578182,27,2,486.6578182,1
"522.1",27,27,2,486.6578182,27,3,-479.9912727,1
"523",27,27,3,-479.9912727,27,3,-479.9912727,1
"524",27,27,4,754.9862727,27,4,754.9862727,1
"524.1",27,27,4,754.9862727,27,5,-228.3291818,1
"526",27,27,6,-911.6500909,27,5,-228.3291818,1
"526.1",27,27,6,-911.6500909,27,8,658.3213636,1
"526.2",27,27,6,-911.6500909,27,8,658.3213636,1
"527",27,27,7,-706.6538182,27,8,658.3213636,1
"527.1",27,27,7,-706.6538182,27,8,658.3213636,1
"529",27,27,9,288.3280909,27,9,288.3280909,1
"529.1",27,27,9,288.3280909,27,9,288.3280909,1
"531",27,27,11,-86.66509091,27,10,708.3204545,1
"532",27,27,12,464.9915455,27,11,-86.66509091,1
"532.1",27,27,12,464.9915455,27,14,1234.977545,1
"535",27,27,15,343.3270909,27,16,771.6526364,1
"535.1",27,27,15,343.3270909,27,19,-71.66536364,1
"537",27,27,17,238.329,27,20,206.6629091,1
"542",28,28,2,320,28,1,763.3333333,1
"543",28,28,3,541.6666667,28,1,763.3333333,1
"543.1",28,28,3,541.6666667,28,2,320,1
"543.2",28,28,3,541.6666667,28,3,541.6666667,1
"544",28,28,4,-321.6666667,28,4,-321.6666667,1
"544.1",28,28,4,-321.6666667,28,6,695,1
"544.2",28,28,4,-321.6666667,28,7,111.6666667,1
"545",28,28,5,663.3333333,28,7,111.6666667,1
"545.1",28,28,5,663.3333333,28,8,416.6666667,1
"546",28,28,6,695,28,8,416.6666667,1
"547",28,28,7,111.6666667,28,9,1725,1
"547.1",28,28,7,111.6666667,28,9,1725,1
"548",28,28,8,416.6666667,28,11,726.6666667,1
"552",28,28,12,1601.666667,28,13,1298.333333,1
"553",28,28,13,1298.333333,28,13,1298.333333,1
"555",28,28,15,930,28,14,191.6666667,1
"556",28,28,16,-160,28,15,930,1
"558",28,28,18,416.6666667,28,17,216.6666667,1
"558.1",28,28,18,416.6666667,28,19,1168.333333,1
"559",28,28,19,1168.333333,28,20,-518.3333333,1
"561",29,29,1,661.402,29,2,-194.922,1
"561.1",29,29,1,661.402,29,2,-194.922,1
"563",29,29,3,1702.652,29,4,43.316,1
"563.1",29,29,3,1702.652,29,4,43.316,1
"563.2",29,29,3,1702.652,29,6,1884.246,1
"563.3",29,29,3,1702.652,29,6,1884.246,1
"563.4",29,29,3,1702.652,29,6,1884.246,1
"566",29,29,6,1884.246,29,7,-1131.214,1
"568",29,29,8,-946.288,29,11,89.964,1
"568.1",29,29,8,-946.288,29,12,91.63,1
"569",29,29,9,-2114.154,29,13,-1975.876,1
"569.1",29,29,9,-2114.154,29,14,-2505.664,1
"572",29,29,12,91.63,29,15,-1481.074,1
"572.1",29,29,12,91.63,29,15,-1481.074,1
"573",29,29,13,-1975.876,29,16,1477.742,1
"574",29,29,14,-2505.664,29,17,982.94,1
"576",29,29,16,1477.742,29,18,-54.978,1
"576.1",29,29,16,1477.742,29,18,-54.978,1
"580",29,29,20,-1182.86,29,18,-54.978,1
"580.1",29,29,20,-1182.86,29,19,1627.682,1
"581",30,30,1,-60,30,1,-60,1
"582",30,30,2,103.3333333,30,2,103.3333333,1
"582.1",30,30,2,103.3333333,30,2,103.3333333,1
"584",30,30,4,-273.3333333,30,3,-198.3333333,1
"586",30,30,6,148.3333333,30,4,-273.3333333,1
"588",30,30,8,15,30,5,233.3333333,1
"590",30,30,10,-68.33333333,30,5,233.3333333,1
"590.1",30,30,10,-68.33333333,30,6,148.3333333,1
"591",30,30,11,-273.3333333,30,7,1370,1
"592",30,30,12,-141.6666667,30,8,15,1
"592.1",30,30,12,-141.6666667,30,9,381.6666667,1
"592.2",30,30,12,-141.6666667,30,11,-273.3333333,1
"593",30,30,13,-1295,30,11,-273.3333333,1
"593.1",30,30,13,-1295,30,14,-16.66666667,1
"593.2",30,30,13,-1295,30,14,-16.66666667,1
"595",30,30,15,625,30,14,-16.66666667,1
"598",30,30,18,1303.333333,30,14,-16.66666667,1
"599",30,30,19,425,30,16,-1045,1
"600",30,30,20,86.66666667,30,17,958.3333333,1
"600.1",30,30,20,86.66666667,30,18,1303.333333,1
"601",31,31,1,896.6666667,31,3,435,1
"602",31,31,2,883.3333333,31,3,435,1
"602.1",31,31,2,883.3333333,31,3,435,1
"603",31,31,3,435,31,4,708.3333333,1
"604",31,31,4,708.3333333,31,5,-545,1
"604.1",31,31,4,708.3333333,31,7,-736.6666667,1
"604.2",31,31,4,708.3333333,31,8,903.3333333,1
"605",31,31,5,-545,31,10,640,1
"606",31,31,6,-103.3333333,31,10,640,1
"607",31,31,7,-736.6666667,31,11,1303.333333,1
"607.1",31,31,7,-736.6666667,31,13,1051.666667,1
"607.2",31,31,7,-736.6666667,31,13,1051.666667,1
"613",31,31,13,1051.666667,31,13,1051.666667,1
"615",31,31,15,1285,31,15,1285,1
"615.1",31,31,15,1285,31,15,1285,1
"615.2",31,31,15,1285,31,16,-210,1
"618",31,31,18,-376.6666667,31,16,-210,1
"619",31,31,19,1788.333333,31,17,1091.666667,1
"620",31,31,20,240,31,17,1091.666667,1
"620.1",31,31,20,240,31,18,-376.6666667,1
"621",32,32,1,901.6666667,32,1,901.6666667,1
"621.1",32,32,1,901.6666667,32,2,-663.3333333,1
"622",32,32,2,-663.3333333,32,3,540,1
"623",32,32,3,540,32,3,540,1
"623.1",32,32,3,540,32,3,540,1
"625",32,32,5,-220,32,3,540,1
"627",32,32,7,18.33333333,32,6,598.3333333,1
"627.1",32,32,7,18.33333333,32,8,-558.3333333,1
"629",32,32,9,-1088.333333,32,8,-558.3333333,1
"629.1",32,32,9,-1088.333333,32,8,-558.3333333,1
"629.2",32,32,9,-1088.333333,32,9,-1088.333333,1
"632",32,32,12,-866.6666667,32,9,-1088.333333,1
"634",32,32,14,-216.6666667,32,10,180,1
"636",32,32,16,68.33333333,32,11,171.6666667,1
"636.1",32,32,16,68.33333333,32,13,-466.6666667,1
"637",32,32,17,128.3333333,32,15,930,1
"638",32,32,18,-596.6666667,32,18,-596.6666667,1
"639",32,32,19,750,32,18,-596.6666667,1
"639.1",32,32,19,750,32,18,-596.6666667,1
"640",32,32,20,586.6666667,32,20,586.6666667,1
"642",33,33,2,-188.3333333,33,1,0,1
"642.1",33,33,2,-188.3333333,33,1,0,1
"644",33,33,4,-131.6666667,33,2,-188.3333333,1
"645",33,33,5,-3.333333333,33,2,-188.3333333,1
"646",33,33,6,21.66666667,33,4,-131.6666667,1
"647",33,33,7,-621.6666667,33,6,21.66666667,1
"648",33,33,8,-213.3333333,33,8,-213.3333333,1
"649",33,33,9,-256.6666667,33,8,-213.3333333,1
"649.1",33,33,9,-256.6666667,33,9,-256.6666667,1
"649.2",33,33,9,-256.6666667,33,9,-256.6666667,1
"650",33,33,10,300,33,12,146.6666667,1
"651",33,33,11,0,33,14,-403.3333333,1
"652",33,33,12,146.6666667,33,15,0,1
"653",33,33,13,-268.3333333,33,16,-268.3333333,1
"655",33,33,15,0,33,16,-268.3333333,1
"656",33,33,16,-268.3333333,33,18,0,1
"656.1",33,33,16,-268.3333333,33,19,-25,1
"657",33,33,17,-663.3333333,33,20,0,1
"658",33,33,18,0,33,20,0,1
"660",33,33,20,0,33,20,0,1
"661",34,34,1,-663.3373535,34,2,1123.340141,1
"661.1",34,34,1,-663.3373535,34,2,1123.340141,1
"661.2",34,34,1,-663.3373535,34,5,1521.675889,1
"663",34,34,3,-955.0057879,34,9,963.3391717,1
"663.1",34,34,3,-955.0057879,34,11,1363.341596,1
"664",34,34,4,-750.0045455,34,11,1363.341596,1
"664.1",34,34,4,-750.0045455,34,11,1363.341596,1
"664.2",34,34,4,-750.0045455,34,12,1030.006242,1
"665",34,34,5,1521.675889,34,13,-175.0010606,1
"666",34,34,6,230.0013939,34,13,-175.0010606,1
"667",34,34,7,86.66719192,34,14,1240.007515,1
"667.1",34,34,7,86.66719192,34,14,1240.007515,1
"669",34,34,9,963.3391717,34,15,461.6694646,1
"670",34,34,10,1098.33999,34,17,1503.342444,1
"672",34,34,12,1030.006242,34,18,563.3367475,1
"673",34,34,13,-175.0010606,34,18,563.3367475,1
"676",34,34,16,395.0023939,34,19,1130.006848,1
"677",34,34,17,1503.342444,34,19,1130.006848,1
"677.1",34,34,17,1503.342444,34,20,1761.677343,1
"680",34,34,20,1761.677343,34,20,1761.677343,1
"683",35,35,3,353.3333333,35,1,1135,1
"684",35,35,4,2318.333333,35,1,1135,1
"684.1",35,35,4,2318.333333,35,2,1068.333333,1
"686",35,35,6,2206.666667,35,2,1068.333333,1
"686.1",35,35,6,2206.666667,35,2,1068.333333,1
"687",35,35,7,2058.333333,35,2,1068.333333,1
"688",35,35,8,1343.333333,35,3,353.3333333,1
"688.1",35,35,8,1343.333333,35,4,2318.333333,1
"690",35,35,10,1651.666667,35,6,2206.666667,1
"691",35,35,11,845,35,8,1343.333333,1
"693",35,35,13,2070,35,10,1651.666667,1
"694",35,35,14,666.6666667,35,11,845,1
"694.1",35,35,14,666.6666667,35,14,666.6666667,1
"694.2",35,35,14,666.6666667,35,16,2245,1
"694.3",35,35,14,666.6666667,35,16,2245,1
"695",35,35,15,986.6666667,35,17,1305,1
"697",35,35,17,1305,35,18,2045,1
"698",35,35,18,2045,35,18,2045,1
"698.1",35,35,18,2045,35,19,1701.666667,1
"698.2",35,35,18,2045,35,20,1391.666667,1
"702",36,36,2,215,36,1,610,1
"703",36,36,3,-183.3333333,36,1,610,1
"705",36,36,5,568.3333333,36,1,610,1
"705.1",36,36,5,568.3333333,36,4,593.3333333,1
"707",36,36,7,746.6666667,36,4,593.3333333,1
"708",36,36,8,643.3333333,36,4,593.3333333,1
"708.1",36,36,8,643.3333333,36,5,568.3333333,1
"708.2",36,36,8,643.3333333,36,5,568.3333333,1
"710",36,36,10,-570,36,6,1311.666667,1
"710.1",36,36,10,-570,36,7,746.6666667,1
"711",36,36,11,163.3333333,36,7,746.6666667,1
"713",36,36,13,-198.3333333,36,7,746.6666667,1
"713.1",36,36,13,-198.3333333,36,9,-8.333333333,1
"714",36,36,14,1278.333333,36,9,-8.333333333,1
"715",36,36,15,-720,36,9,-8.333333333,1
"716",36,36,16,1070,36,10,-570,1
"719",36,36,19,956.6666667,36,11,163.3333333,1
"720",36,36,20,1533.333333,36,12,113.3333333,1
"720.1",36,36,20,1533.333333,36,14,1278.333333,1
"720.2",36,36,20,1533.333333,36,15,-720,1
"721",37,37,1,241.6681313,37,1,241.6681313,1
"723",37,37,3,336.6687071,37,3,336.6687071,1
"724",37,37,4,-13.33341414,37,4,-13.33341414,1
"726",37,37,6,-215.001303,37,5,-183.3344444,1
"727",37,37,7,281.6683737,37,6,-215.001303,1
"727.1",37,37,7,281.6683737,37,7,281.6683737,1
"730",37,37,10,-146.6675556,37,7,281.6683737,1
"730.1",37,37,10,-146.6675556,37,8,350.0021212,1
"730.2",37,37,10,-146.6675556,37,10,-146.6675556,1
"731",37,37,11,-1303.341232,37,11,-1303.341232,1
"732",37,37,12,608.3370202,37,11,-1303.341232,1
"732.1",37,37,12,608.3370202,37,12,608.3370202,1
"733",37,37,13,-253.3348687,37,12,608.3370202,1
"734",37,37,14,-210.0012727,37,13,-253.3348687,1
"735",37,37,15,1025.006212,37,15,1025.006212,1
"737",37,37,17,463.3361414,37,16,293.3351111,1
"738",37,37,18,193.3345051,37,17,463.3361414,1
"739",37,37,19,136.6674949,37,17,463.3361414,1
"740",37,37,20,263.3349293,37,19,136.6674949,1
"740.1",37,37,20,263.3349293,37,20,263.3349293,1
"741",38,38,1,-951.6724343,38,3,-83.33383838,1
"741.1",38,38,1,-951.6724343,38,4,303.3351717,1
"742",38,38,2,-1121.673465,38,4,303.3351717,1
"743",38,38,3,-83.33383838,38,5,508.3364141,1
"744",38,38,4,303.3351717,38,6,-206.6679192,1
"747",38,38,7,-278.3350202,38,6,-206.6679192,1
"747.1",38,38,7,-278.3350202,38,7,-278.3350202,1
"749",38,38,9,-96.66725253,38,7,-278.3350202,1
"750",38,38,10,338.3353838,38,9,-96.66725253,1
"751",38,38,11,-370.0022424,38,9,-96.66725253,1
"751.1",38,38,11,-370.0022424,38,11,-370.0022424,1
"752",38,38,12,1876.67804,38,11,-370.0022424,1
"752.1",38,38,12,1876.67804,38,11,-370.0022424,1
"753",38,38,13,298.3351414,38,12,1876.67804,1
"753.1",38,38,13,298.3351414,38,14,-246.6681616,1
"755",38,38,15,943.3390505,38,15,943.3390505,1
"756",38,38,16,493.3363232,38,16,493.3363232,1
"757",38,38,17,-416.6691919,38,18,-166.6676768,1
"758",38,38,18,-166.6676768,38,18,-166.6676768,1
"760",38,38,20,551.6700101,38,20,551.6700101,1
"761",39,39,1,-175,39,4,0,1
"763",39,39,3,0,39,7,171.6666667,1
"763.1",39,39,3,0,39,8,158.3333333,1
"763.2",39,39,3,0,39,10,55,1
"763.3",39,39,3,0,39,10,55,1
"766",39,39,6,73.33333333,39,12,-353.3333333,1
"766.1",39,39,6,73.33333333,39,13,340,1
"768",39,39,8,158.3333333,39,14,-311.6666667,1
"768.1",39,39,8,158.3333333,39,15,525,1
"769",39,39,9,-401.6666667,39,15,525,1
"769.1",39,39,9,-401.6666667,39,15,525,1
"771",39,39,11,-338.3333333,39,15,525,1
"772",39,39,12,-353.3333333,39,15,525,1
"773",39,39,13,340,39,16,478.3333333,1
"774",39,39,14,-311.6666667,39,18,-676.6666667,1
"774.1",39,39,14,-311.6666667,39,18,-676.6666667,1
"777",39,39,17,-71.66666667,39,19,-326.6666667,1
"778",39,39,18,-676.6666667,39,19,-326.6666667,1
"780",39,39,20,221.6666667,39,19,-326.6666667,1
"780.1",39,39,20,221.6666667,39,20,221.6666667,1
"781",40,40,1,936.6609899,40,2,-49.99969697,1
"781.1",40,40,1,936.6609899,40,3,-671.662596,1
"782",40,40,2,-49.99969697,40,3,-671.662596,1
"783",40,40,3,-671.662596,40,4,1726.656202,1
"785",40,40,5,-176.665596,40,6,249.9984848,1
"786",40,40,6,249.9984848,40,8,1106.65996,1
"787",40,40,7,729.9955758,40,8,1106.65996,1
"787.1",40,40,7,729.9955758,40,10,424.9974242,1
"788",40,40,8,1106.65996,40,11,-383.3310101,1
"789",40,40,9,1279.992242,40,11,-383.3310101,1
"790",40,40,10,424.9974242,40,12,-769.9953333,1
"790.1",40,40,10,424.9974242,40,14,719.9956364,1
"791",40,40,11,-383.3310101,40,15,-544.996697,1
"793",40,40,13,-1446.657899,40,15,-544.996697,1
"793.1",40,40,13,-1446.657899,40,15,-544.996697,1
"795",40,40,15,-544.996697,40,16,-364.9977879,1
"797",40,40,17,53.3330101,40,16,-364.9977879,1
"797.1",40,40,17,53.3330101,40,17,53.3330101,1
"797.2",40,40,17,53.3330101,40,17,53.3330101,1
"799",40,40,19,371.6644141,40,20,251.6651414,1
